Datetime,Start,End,V_ICME,V_max,B,Dst,V_transit
1996/05/27 1500,1996/05/27 1500,1996/05/29 0300,370,400,9,-33,
1996/07/01 1320,1996/07/01 1800,1996/07/02 1100,360,370,11,-20,
1996/08/07 0600,1996/08/07 1200,1996/08/08 1000,350,380,7,-23,
1996/12/23 1600,1996/12/23 1700,1996/12/25 1100,360,420,10,-18,435
1997/01/10 0104,1997/01/10 0400,1997/01/11 0200,450,460,14,-78,507
1997/02/09 1321,1997/02/10 0200,1997/02/10 1900,450,600,8,-68,683
1997/04/10 1745,1997/04/11 0600,1997/04/11 1900,460,470,20,-82,552
1997/04/21 0600,1997/04/21 1000,1997/04/23 0400,360,420,12,-107,
1997/05/15 0159,1997/05/15 0900,1997/05/16 0000,450,480,21,-115,616
1997/05/26 0957,1997/05/26 1600,1997/05/27 1000,340,350,10,-74,381
1997/06/08 1636,1997/06/08 1800,1997/06/10 0000,380,400,12,-84,
1997/06/19 0032,1997/06/19 0700,1997/06/20 2300,360,390,8,-36,
1997/07/15 0311,1997/07/15 0800,1997/07/16 1100,350,360,10,-45,
1997/08/03 1042,1997/08/03 1300,1997/08/04 0300,400,480,16,-48,410
1997/08/17 0200,1997/08/17 0600,1997/08/17 2000,390,410,7,-28,
1997/09/03 0800,1997/09/03 1300,1997/09/03 2100,410,430,14,-98,405
1997/09/21 1651,1997/09/21 2100,1997/09/22 1600,440,470,16,-36,450
1997/10/01 0059,1997/10/01 1600,1997/10/02 2300,450,470,10,-98,580
1997/10/10 0300,1997/10/10 1100,1997/10/10 2200,430,460,8,-64,
1997/10/10 1612,1997/10/10 2200,1997/10/12 0000,400,450,12,-130,430
1997/10/26 1200,1997/10/27 0000,1997/10/28 0700,500,520,7,-60,572
1997/11/06 2248,1997/11/07 0400,1997/11/09 1200,400,460,11,-110,640
1997/11/22 0949,1997/11/22 1900,1997/11/23 1400,510,520,17,-108,640
1997/11/23 1900,1997/11/24 0000,1997/11/25 0000,530,590,5,-47,
1997/12/10 0526,1997/12/10 1800,1997/12/12 0000,350,380,12,-60,460
1997/12/30 0209,1997/12/30 1000,1997/12/31 1100,370,410,12,-77,430
1998/01/06 1416,1998/01/07 0100,1998/01/08 2200,400,410,16,-77,480
1998/01/09 0700,1998/01/09 0700,1998/01/10 0800,450,500,6,-28,
1998/01/20 0000,1998/01/20 1700,1998/01/21 0400,430,450,5,-29,
1998/01/21 0400,1998/01/21 0600,1998/01/22 1300,380,400,13,-11,430
1998/01/28 1600,1998/01/29 2000,1998/01/31 0100,380,410,7,-55,557
1998/02/04 0000,1998/02/04 0400,1998/02/05 2300,320,390,11,-34,
1998/02/17 0400,1998/02/17 1000,1998/02/17 2100,400,420,12,-100,602
1998/02/18 0750,1998/02/19 0100,1998/02/20 0000,440,460,9,-51,
1998/03/04 1156,1998/03/04 1300,1998/03/06 0900,350,380,12,-36,440
1998/03/25 1000,1998/03/25 1300,1998/03/26 1000,400,400,10,-56,
1998/03/30 2200,1998/03/31 1100,1998/04/03 0200,360,430,7,-35,
1998/04/11 2300,1998/04/11 2300,1998/04/13 1800,390,390,8,-46,
1998/05/01 2156,1998/05/02 0500,1998/05/04 0200,520,650,11,-85,780
1998/05/04 0215,1998/05/04 1000,1998/05/07 2300,550,830,10,-205,1150
1998/06/02 0800,1998/06/02 1000,1998/06/02 1800,390,400,9,-1,
1998/06/13 1925,1998/06/14 0400,1998/06/15 0600,340,380,10,-55,
1998/06/24 1000,1998/06/24 1600,1998/06/25 2300,450,540,12,-25,
1998/06/25 1636,1998/06/26 0400,1998/06/26 1900,470,490,11,-101,
1998/07/05 0315,1998/07/06 0600,1998/07/09 0700,450,630,5,-30,
1998/07/10 2300,1998/07/11 0000,1998/07/13 1500,400,430,10,-35,
1998/08/01 0400,1998/08/01 0400,1998/08/03 1000,410,450,7,-6,
1998/08/05 1300,1998/08/05 1300,1998/08/06 1200,360,390,8,-138,
1998/08/07 1100,1998/08/07 2300,1998/08/09 2300,450,500,7,-62,
1998/08/10 0046,1998/08/10 1100,1998/08/10 2200,450,500,7,-27,
1998/08/11 2300,1998/08/12 0100,1998/08/13 1400,370,420,8,-19,
1998/08/19 1847,1998/08/20 0600,1998/08/21 2000,320,340,13,-67,
1998/08/26 0651,1998/08/26 2200,1998/08/28 0000,650,860,14,-155,1260
1998/09/23 0200,1998/09/23 0400,1998/09/23 1800,420,490,7,-33,
1998/09/24 2345,1998/09/25 0600,1998/09/26 1600,640,820,13,-207,1020
1998/10/18 1952,1998/10/19 0400,1998/10/20 0700,390,430,18,-112,510
1998/10/23 1230,1998/10/23 1500,1998/10/24 1600,520,600,7,-52,
1998/11/07 0815,1998/11/07 2200,1998/11/09 0100,450,530,15,-81,570
1998/11/08 0451,1998/11/09 0100,1998/11/11 0100,450,640,12,-149,740
1998/11/13 0143,1998/11/13 0200,1998/11/14 1200,390,400,17,-131,520
1998/11/30 0507,1998/11/30 2100,1998/12/01 0400,470,480,9,-15,
1998/12/28 1826,1998/12/29 1800,1998/12/31 0200,400,410,8,-58,
1999/01/04 0000,1999/01/04 0400,1999/01/04 2200,350,360,8,-29,
1999/01/13 1054,1999/01/13 1500,1999/01/13 2300,420,430,18,-112,
1999/01/22 1950,1999/01/23 0900,1999/01/23 1800,570,660,12,-52,
1999/02/13 1900,1999/02/13 1900,1999/02/14 1500,440,470,9,-17,
1999/02/16 1500,1999/02/16 1500,1999/02/17 1100,460,470,6,-7,
1999/02/17 0709,1999/02/17 1600,1999/02/18 1000,410,490,8,-34,
1999/02/18 0246,1999/02/18 1000,1999/02/20 1700,540,680,9,-123,870
1999/03/10 0130,1999/03/10 1700,1999/03/12 0200,410,460,7,-81,
1999/03/19 1000,1999/03/19 1100,1999/03/20 1200,340,380,5,-30,
1999/04/16 1125,1999/04/16 1800,1999/04/17 1900,410,460,18,-91,520
1999/04/20 1600,1999/04/21 0400,1999/04/22 1400,490,620,8,-29,
1999/05/15 1600,1999/05/15 1600,1999/05/18 0000,390,400,5,-13,
1999/06/02 2000,1999/06/02 2300,1999/06/03 2200,430,470,9,-6,
1999/06/26 2016,1999/06/27 2200,1999/06/29 0400,670,860,7,-41,760
1999/07/02 0059,1999/07/03 0500,1999/07/06 0600,440,680,4,-26,
1999/07/06 1509,1999/07/06 2100,1999/07/07 0200,460,500,10,-4,620
1999/07/07 0600,1999/07/07 0700,1999/07/08 0400,450,480,4,-1,
1999/07/26 2333,1999/07/27 1700,1999/07/29 1200,390,460,6,-38,560
1999/07/30 1600,1999/07/30 2000,1999/07/31 0800,620,660,9,-52,710
1999/07/31 1837,1999/07/31 1900,1999/08/02 0600,480,650,5,-39,510
1999/08/02 1100,1999/08/02 1500,1999/08/03 1500,370,440,4,-16,
1999/08/08 1841,1999/08/08 2000,1999/08/10 1700,360,410,9,-47,
1999/08/11 2300,1999/08/12 0300,1999/08/14 0000,380,420,6,-13,615
1999/08/20 2300,1999/08/20 2300,1999/08/23 1100,460,570,7,-66,510
1999/09/21 1200,1999/09/21 1200,1999/09/22 1200,360,380,9,-41,
1999/09/22 1222,1999/09/22 1900,1999/09/24 0300,530,600,11,-173,770
1999/10/21 0225,1999/10/21 0800,1999/10/22 0700,480,550,20,-237,561
1999/11/11 1900,1999/11/12 1000,1999/11/13 1800,450,680,5,-69,
1999/11/13 1200,1999/11/13 2000,1999/11/15 0000,440,480,7,-106,
1999/11/22 0000,1999/11/22 0000,1999/11/24 0300,450,490,9,-41,
1999/12/12 1551,1999/12/12 1900,1999/12/13 1600,520,700,12,-85,
1999/12/13 2300,1999/12/14 0400,1999/12/14 2000,440,480,12,-33,
1999/12/26 2130,1999/12/27 1100,1999/12/28 0400,430,450,8,-8,
2000/01/22 0023,2000/01/22 1700,2000/01/23 0200,380,400,16,-97,530
2000/02/11 0258,2000/02/11 1600,2000/02/11 2000,420,510,7,-25,630
2000/02/11 2352,2000/02/12 1200,2000/02/13 0000,540,590,13,-133,915
2000/02/14 0731,2000/02/14 1200,2000/02/16 0800,520,680,5,-67,815
2000/02/20 2139,2000/02/21 0500,2000/02/22 1200,380,460,15,-26,560
2000/03/01 0130,2000/03/01 0300,2000/03/02 0300,480,530,8,-43,
2000/03/18 2200,2000/03/19 0200,2000/03/19 1200,380,390,9,-3,
2000/03/29 1100,2000/03/29 1900,2000/04/01 0000,420,590,7,-60,
2000/04/06 1639,2000/04/07 0600,2000/04/08 0600,560,620,6,-288,860
2000/04/18 2000,2000/04/18 2000,2000/04/19 1400,460,470,10,-14,510
2000/04/24 0400,2000/04/24 0400,2000/04/24 1300,500,520,13,-61,
2000/05/02 1045,2000/05/02 2000,2000/05/05 1000,500,860,6,-37,530
2000/05/07 0000,2000/05/07 0000,2000/05/08 0000,400,420,8,-10,
2000/05/13 1700,2000/05/13 1700,2000/05/14 1800,500,600,8,-2,603
2000/05/15 1900,2000/05/15 1900,2000/05/16 1400,430,450,8,-32,
2000/05/16 2300,2000/05/16 2300,2000/05/17 0700,550,580,9,-92,500
2000/05/22 1700,2000/05/23 0900,2000/05/23 2100,570,610,8,-10,830
2000/05/23 2342,2000/05/24 1200,2000/05/27 1000,530,690,5,-147,650
2000/06/04 1502,2000/06/04 2200,2000/06/06 2200,470,560,9,-35,403
2000/06/08 0910,2000/06/08 1200,2000/06/10 1700,610,770,11,-90,1007
2000/06/11 0801,2000/06/11 0900,2000/06/11 1800,510,530,11,-36,
2000/06/12 2208,2000/06/13 1200,2000/06/14 0600,440,550,4,-37,
2000/06/18 0900,2000/06/18 0900,2000/06/18 1700,380,400,5,-12,
2000/06/23 1303,2000/06/24 0000,2000/06/26 0800,500,590,10,-34,
2000/06/26 0000,2000/06/26 1000,2000/06/27 0000,520,560,10,-76,
2000/07/01 0100,2000/07/01 0900,2000/07/03 1700,390,440,7,-11,
2000/07/10 0638,2000/07/11 0200,2000/07/11 1400,440,490,13,0,609
2000/07/11 1123,2000/07/11 2200,2000/07/13 0300,520,540,10,-26,
2000/07/13 0942,2000/07/13 1300,2000/07/14 1500,610,670,7,-43,940
2000/07/14 1532,2000/07/14 1700,2000/07/15 1400,780,800,9,-57,965
2000/07/15 1437,2000/07/15 1900,2000/07/17 0800,740,1040,20,-301,1500
2000/07/19 1527,2000/07/20 0100,2000/07/21 0800,530,630,8,-93,
2000/07/23 1041,2000/07/23 1500,2000/07/26 0500,360,430,9,-68,
2000/07/26 1857,2000/07/27 0200,2000/07/28 0200,360,400,6,-42,490
2000/07/28 0634,2000/07/28 1200,2000/07/30 1300,440,480,9,-71,550
2000/08/10 0501,2000/08/10 1900,2000/08/11 2100,430,480,12,-106,530
2000/08/11 1845,2000/08/12 0500,2000/08/13 2200,580,670,18,-235,830
2000/09/02 2200,2000/09/02 2200,2000/09/03 1300,420,450,8,-20,418
2000/09/08 1200,2000/09/08 1200,2000/09/10 1000,450,500,5,-48,530
2000/09/17 1657,2000/09/17 2100,2000/09/21 0000,600,840,10,-201,
2000/10/03 0054,2000/10/03 1000,2000/10/05 0300,400,460,14,-143,
2000/10/05 0326,2000/10/05 1300,2000/10/07 1100,450,530,6,-182,756
2000/10/12 2228,2000/10/13 1600,2000/10/14 1700,400,460,12,-107,590
2000/10/28 0954,2000/10/28 2100,2000/10/29 2200,380,420,14,-127,565
2000/11/06 0948,2000/11/06 1700,2000/11/08 0300,510,610,20,-159,660
2000/11/08 1200,2000/11/08 1300,2000/11/09 1500,440,500,7,-36,
2000/11/11 0400,2000/11/11 0800,2000/11/12 0000,790,910,7,-37,1200
2000/11/26 1158,2000/11/27 0800,2000/11/28 0300,560,630,10,-80,
2000/11/28 0530,2000/11/28 1100,2000/11/29 2200,540,580,9,-119,720
2000/12/21 1200,2000/12/22 0300,2000/12/22 2000,290,330,4,-1,
2000/12/22 1925,2000/12/23 0000,2000/12/23 1200,320,330,12,-62,380
2001/01/23 1048,2001/01/24 0900,2001/01/26 0700,400,550,4,-61,680
2001/03/03 1121,2001/03/04 0400,2001/03/05 0200,440,520,8,-73,610
2001/03/19 1114,2001/03/19 1700,2001/03/22 0000,360,490,15,-149,520
2001/03/27 0110,2001/03/27 2000,2001/03/28 1700,610,650,12,-87,
2001/03/27 1747,2001/03/28 1700,2001/03/30 1800,480,560,3,-51,850
2001/03/31 0052,2001/03/31 0500,2001/03/31 2200,640,710,33,-387,690
2001/03/31 2200,2001/04/01 0400,2001/04/03 1500,600,820,5,,700
2001/04/04 1455,2001/04/04 1800,2001/04/05 1200,650,780,9,-50,1020
2001/04/08 1101,2001/04/08 1400,2001/04/09 0400,740,780,13,-59,1050
2001/04/11 1343,2001/04/11 2200,2001/04/13 0700,640,740,14,-271,1290
2001/04/13 0734,2001/04/13 0900,2001/04/14 1200,730,830,9,-77,990
2001/04/15 1700,2001/04/15 1700,2001/04/16 0100,500,510,4,-36,
2001/04/18 0046,2001/04/18 1200,2001/04/20 1100,430,520,8,-114,
2001/04/21 1601,2001/04/21 2300,2001/04/23 0300,350,390,11,-102,
2001/04/28 0501,2001/04/28 1400,2001/05/01 0200,550,730,8,-47,1040
2001/05/03 1100,2001/05/03 1100,2001/05/04 1000,380,390,8,-2,
2001/05/07 0800,2001/05/07 1900,2001/05/08 0700,360,410,8,-25,
2001/05/08 1101,2001/05/09 1200,2001/05/10 2200,430,560,8,-76,
2001/05/11 1300,2001/05/11 1300,2001/05/12 0000,430,430,8,-48,
2001/05/27 1459,2001/05/28 0300,2001/05/31 1400,420,590,7,-42,
2001/06/07 0852,2001/06/07 1800,2001/06/08 0700,390,430,9,-8,
2001/06/27 0300,2001/06/27 0300,2001/06/28 1700,420,490,3,-18,
2001/07/08 1200,2001/07/09 0200,2001/07/11 0400,400,460,5,-38,520
2001/07/13 1700,2001/07/13 1700,2001/07/14 0100,400,420,8,-4,
2001/08/03 0716,2001/08/03 1100,2001/08/03 1400,420,440,10,-13,
2001/08/15 0500,2001/08/15 0500,2001/08/16 1400,390,450,5,-16,
2001/08/17 1103,2001/08/17 2000,2001/08/19 1600,500,600,11,-105,620
2001/08/30 1411,2001/08/30 1700,2001/08/31 1000,420,500,6,-40,
2001/09/01 1300,2001/09/01 1300,2001/09/02 2200,360,410,5,-17,
2001/09/13 0231,2001/09/13 1800,2001/09/14 2200,410,440,10,-57,
2001/09/23 2000,2001/09/24 0000,2001/09/24 2200,440,530,7,-73,570
2001/09/25 0000,2001/09/25 0600,2001/09/25 2000,380,400,5,-24,
2001/09/29 0940,2001/09/29 1100,2001/10/01 0000,560,700,12,-66,790
2001/09/30 1924,2001/10/01 0800,2001/10/02 0000,490,550,9,-148,710
2001/10/01 2115,2001/10/02 0400,2001/10/02 1200,490,520,8,-104,715
2001/10/02 1200,2001/10/02 1400,2001/10/03 1600,500,530,12,-166,
2001/10/04 1400,2001/10/04 1400,2001/10/05 1900,420,470,3,,
2001/10/11 1701,2001/10/12 0400,2001/10/12 0900,560,570,22,-71,780
2001/10/21 1648,2001/10/21 2000,2001/10/25 1000,460,680,9,-187,870
2001/10/26 2200,2001/10/27 0300,2001/10/28 1200,420,500,10,-27,417
2001/10/28 0319,2001/10/29 2200,2001/10/31 1300,360,510,5,-157,694
2001/10/31 1348,2001/10/31 2000,2001/11/02 1200,330,390,11,-106,
2001/11/05 1000,2001/11/05 1900,2001/11/06 0600,420,430,18,-73,
2001/11/06 0152,2001/11/06 1200,2001/11/09 0300,600,750,7,-292,1250
2001/11/19 1815,2001/11/19 2200,2001/11/21 1300,430,570,6,-47,680
2001/11/24 0656,2001/11/24 1400,2001/11/25 2000,720,1040,14,-221,1320
2001/12/28 0000,2001/12/28 0000,2001/12/29 1200,360,370,8,-10,
2001/12/29 0538,2001/12/30 0000,2001/12/30 1800,400,460,16,-58,580
2002/02/28 0451,2002/02/28 1700,2002/03/02 0000,390,410,11,-71,
2002/03/18 1322,2002/03/19 0500,2002/03/20 1600,380,470,15,-37,667
2002/03/20 1328,2002/03/21 1400,2002/03/22 0600,440,580,8,-13,
2002/03/23 1137,2002/03/24 1200,2002/03/25 2000,450,500,15,-100,625
2002/04/12 0100,2002/04/12 0100,2002/04/13 1300,420,450,8,-32,
2002/04/17 1107,2002/04/17 1600,2002/04/19 1500,480,610,14,-127,750
2002/04/19 0835,2002/04/20 0000,2002/04/21 1800,500,640,8,-149,863
2002/05/11 1014,2002/05/11 1500,2002/05/12 0000,430,440,15,-110,610
2002/05/20 0340,2002/05/20 1000,2002/05/21 2200,420,510,7,-36,420
2002/05/23 1050,2002/05/23 2000,2002/05/25 1800,590,920,11,-109,1323
2002/07/17 1603,2002/07/18 1200,2002/07/19 0900,460,520,6,-17,955
2002/07/19 1450,2002/07/20 0200,2002/07/22 0600,650,930,7,-36,
2002/07/31 1100,2002/07/31 2200,2002/08/01 0900,410,460,10,-21,
2002/08/01 0510,2002/08/01 0900,2002/08/01 2300,450,460,12,-51,
2002/08/01 2309,2002/08/02 0600,2002/08/04 0200,460,520,10,-102,500
2002/08/18 1846,2002/08/19 1200,2002/08/21 1400,460,580,8,-106,766
2002/08/29 2100,2002/08/29 2100,2002/08/30 0600,400,420,8,-42,
2002/09/07 1200,2002/09/07 1200,2002/09/08 0400,380,400,8,-41,
2002/09/07 1636,2002/09/08 0400,2002/09/08 2000,470,550,11,-181,880
2002/09/08 2000,2002/09/08 2200,2002/09/10 2100,440,520,9,-82,
2002/09/19 0600,2002/09/19 2000,2002/09/20 2100,520,750,5,-40,910
2002/09/30 0815,2002/09/30 2000,2002/10/01 1500,390,410,23,-176,
2002/10/02 2210,2002/10/03 0100,2002/10/04 1800,430,520,11,-146,
2002/11/16 2305,2002/11/17 1000,2002/11/19 1200,380,500,10,-52,
2002/12/17 1800,2002/12/17 1800,2002/12/19 1200,380,430,14,-30,
2002/12/20 1700,2002/12/21 0300,2002/12/22 1900,440,540,11,-75,
2003/01/26 0000,2003/01/27 0100,2003/01/28 1400,500,720,9,-20,
2003/02/01 1305,2003/02/01 1900,2003/02/03 0700,510,760,11,-72,820
2003/02/17 2150,2003/02/18 0400,2003/02/19 1600,600,700,8,-17,
2003/03/20 0440,2003/03/20 1200,2003/03/20 2200,650,810,11,-64,
2003/05/09 0455,2003/05/09 0700,2003/05/11 0000,680,900,8,-84,
2003/05/29 1224,2003/05/29 1300,2003/05/29 1800,650,680,10,-49,
2003/05/29 1825,2003/05/30 0200,2003/05/30 1600,600,760,20,-144,999
2003/05/30 1600,2003/05/30 2200,2003/06/01 0100,680,780,7,-63,1078
2003/06/15 1500,2003/06/15 2000,2003/06/16 2100,510,590,10,-68,
2003/06/16 1800,2003/06/17 1000,2003/06/18 0800,480,540,10,-141,650
2003/07/23 1400,2003/07/23 1400,2003/07/24 1600,430,500,6,-26,
2003/08/04 1700,2003/08/04 2200,2003/08/06 0200,440,500,9,-60,
2003/08/15 1200,2003/08/16 0200,2003/08/17 1600,490,620,7,-11,
2003/08/17 1421,2003/08/18 0100,2003/08/19 1500,450,530,18,-148,630
2003/10/21 2200,2003/10/22 0200,2003/10/24 1500,520,740,9,-61,
2003/10/24 1524,2003/10/24 2100,2003/10/25 1200,560,600,21,-36,760
2003/10/25 1100,2003/10/25 1400,2003/10/26 0400,490,610,13,-49,
2003/10/26 1908,2003/10/26 2200,2003/10/28 0000,470,540,10,-52,
2003/10/28 0206,2003/10/28 0230,2003/10/28 0900,610,620,19,-32,1331
2003/10/29 0611,2003/10/29 1100,2003/10/30 0300,1300,1900,32,-353,2185
2003/10/30 1619,2003/10/31 0200,2003/11/02 0000,800,1700,9,-383,2138
2003/11/20 0803,2003/11/20 1000,2003/11/21 0800,580,700,28,-422,886
2004/01/09 1500,2004/01/10 0600,2004/01/11 0500,560,620,10,-45,
2004/01/22 0137,2004/01/22 0800,2004/01/23 1700,560,680,12,-130,850
2004/01/23 1425,2004/01/23 2300,2004/01/25 0400,490,550,10,-81,720
2004/02/17 1800,2004/02/17 1800,2004/02/18 1600,440,460,8,-24,
2004/04/03 0900,2004/04/03 1400,2004/04/05 1800,440,520,15,-117,560
2004/04/26 1604,2004/04/26 1700,2004/04/27 2000,460,500,6,0,
2004/04/30 1300,2004/05/01 0000,2004/05/01 1200,430,450,9,-34,
2004/05/01 1200,2004/05/01 1500,2004/05/02 2100,400,430,9,-13,
2004/07/22 1036,2004/07/22 1800,2004/07/24 0800,560,670,11,-99,920
2004/07/24 0613,2004/07/24 1400,2004/07/25 1500,560,610,20,-136,890
2004/07/25 1500,2004/07/25 2000,2004/07/26 2200,640,680,6,,890
2004/07/26 2249,2004/07/27 0200,2004/07/27 2200,870,1000,16,-170,1302
2004/08/01 0100,2004/08/01 0900,2004/08/02 0400,440,520,6,-33,
2004/08/29 0909,2004/08/29 1900,2004/08/30 2200,390,440,12,-129,
2004/09/13 2003,2004/09/14 1500,2004/09/16 1200,550,600,6,-38,960
2004/09/17 2100,2004/09/18 1200,2004/09/20 0000,400,500,6,-33,500
2004/11/07 1827,2004/11/07 2200,2004/11/09 1000,630,720,18,-374,720
2004/11/09 1825,2004/11/09 2000,2004/11/11 2300,640,810,14,-263,830
2004/11/11 1710,2004/11/12 0800,2004/11/13 2300,520,670,7,-92,1080
2004/12/11 1340,2004/12/12 2200,2004/12/13 1900,400,580,13,-56,640
2004/12/27 0500,2004/12/27 1600,2004/12/29 0200,440,560,7,-47,
2005/01/07 0922,2005/01/07 1500,2005/01/08 1200,520,570,17,-93,550
2005/01/08 1700,2005/01/08 2100,2005/01/09 1800,460,520,9,,570
2005/01/16 1100,2005/01/16 1400,2005/01/17 0700,520,580,8,-65,640
2005/01/18 2100,2005/01/18 2300,2005/01/20 0300,800,960,12,-80,1170
2005/01/21 1711,2005/01/21 1900,2005/01/22 1700,810,960,19,-97,1210
2005/01/31 0900,2005/01/31 1400,2005/02/02 0900,560,660,8,-28,
2005/02/17 2200,2005/02/18 1400,2005/02/19 0600,530,580,6,-80,
2005/02/20 1200,2005/02/20 1200,2005/02/22 0700,410,440,5,-43,500
2005/02/22 1000,2005/02/22 1400,2005/02/23 1900,380,400,9,-2,
2005/05/15 0238,2005/05/15 0600,2005/05/19 0000,630,950,15,-247,1270
2005/05/20 0300,2005/05/20 0300,2005/05/22 0200,430,480,10,-83,488
2005/05/28 0436,2005/05/29 0300,2005/05/29 1500,400,490,11,-33,
2005/05/29 0952,2005/05/30 0100,2005/05/30 2300,460,540,15,-113,630
2005/05/30 2300,2005/05/31 0400,2005/06/01 0300,460,490,4,,430
2005/06/12 0745,2005/06/12 1500,2005/06/13 1300,480,510,14,-106,650
2005/06/14 1835,2005/06/15 0500,2005/06/16 0900,480,560,9,-34,
2005/06/16 0847,2005/06/16 1700,2005/06/17 1900,600,680,7,-40,
2005/07/10 0337,2005/07/10 1000,2005/07/12 0400,430,480,12,-92,720
2005/07/17 0134,2005/07/17 1400,2005/07/18 2300,420,500,8,-67,
2005/08/09 0000,2005/08/09 0000,2005/08/09 1900,480,520,6,-23,477
2005/08/10 0600,2005/08/10 0600,2005/08/10 1100,440,460,8,-47,
2005/08/23 2000,2005/08/24 0000,2005/08/24 1100,440,460,20,-2,
2005/08/24 0613,2005/08/24 1400,2005/08/24 2300,660,710,20,-216,790
2005/09/02 1419,2005/09/02 1800,2005/09/03 0400,650,680,10,-60,840
2005/09/11 0114,2005/09/11 0500,2005/09/12 0700,900,1100,10,-139,1423
2005/09/12 0605,2005/09/12 2000,2005/09/13 1300,750,980,7,-88,
2005/09/13 0900,2005/09/13 1600,2005/09/14 0800,630,740,5,-86,
2005/09/15 0600,2005/09/15 0600,2005/09/16 1800,680,860,7,-80,
2005/09/20 1800,2005/09/20 1800,2005/09/21 1800,350,390,6,-33,
2005/10/31 0200,2005/10/31 0200,2005/10/31 1900,360,400,11,-74,
2005/12/31 0000,2005/12/31 0400,2006/01/01 1700,480,580,8,-30,
2006/02/05 2000,2006/02/05 2000,2006/02/06 1200,340,360,10,-22,
2006/04/13 1141,2006/04/13 1500,2006/04/14 0700,520,550,18,-98,540
2006/04/14 1300,2006/04/14 1300,2006/04/14 2100,500,540,9,,
2006/07/09 2136,2006/07/10 2100,2006/07/11 1900,380,430,8,-27,488
2006/08/19 1131,2006/08/20 1300,2006/08/21 1600,400,470,8,-79,620
2006/08/30 2000,2006/08/30 2000,2006/09/01 0700,400,440,8,-35,440
2006/09/30 0300,2006/09/30 0800,2006/09/30 2000,400,440,15,-21,
2006/11/01 1700,2006/11/01 1700,2006/11/02 1400,380,410,5,-28,
2006/11/18 1000,2006/11/18 1000,2006/11/20 0200,400,430,9,-20,
2006/11/28 1300,2006/11/29 0500,2006/11/30 1000,420,500,12,-66,
2006/12/14 1414,2006/12/14 2200,2006/12/15 1300,740,900,13,-162,1180
2006/12/15 2000,2006/12/15 2000,2006/12/16 1900,620,650,3,,
2006/12/16 1755,2006/12/17 0000,2006/12/17 1700,580,680,4,-56,980
2007/01/14 1248,2007/01/14 1200,2007/01/15 0700,360,380,12,-18,
2007/11/19 1811,2007/11/19 2300,2007/11/20 1200,460,480,18,-59,437
2008/09/17 0000,2008/09/17 0400,2008/09/18 0800,400,490,6,-20,
2008/12/04 0400,2008/12/04 1200,2008/12/05 1100,390,510,7,-26,
2008/12/16 1159,2008/12/17 0300,2008/12/17 1400,350,380,9,-15,350
2009/01/18 2100,2009/01/19 0200,2009/01/19 0500,430,450,12,-6,
2009/01/25 2224,2009/01/26 1000,2009/01/26 1500,340,380,10,-29,
2009/02/03 2000,2009/02/04 0000,2009/02/04 1600,360,380,10,-42,
2009/06/03 1600,2009/06/04 0200,2009/06/05 1600,310,330,5,-21,
2009/06/27 1400,2009/06/27 1600,2009/06/28 1600,390,420,7,-5,320
2009/07/20 1400,2009/07/21 0100,2009/07/22 0400,330,350,8,-83,300
2009/09/30 0100,2009/09/30 0600,2009/10/01 0000,340,360,7,-7,380
2009/10/29 0500,2009/10/29 0500,2009/10/29 2300,370,390,11,0,
2009/11/13 2000,2009/11/14 1000,2009/11/15 0000,310,330,7,-17,
2009/12/12 0651,2009/12/12 2000,2009/12/13 2200,270,300,6,-2,280
2009/12/19 1000,2009/12/19 1300,2009/12/20 1700,380,430,4,-2,536
2010/01/01 2200,2010/01/01 2200,2010/01/03 1000,290,310,7,-4,
2010/02/07 1700,2010/02/07 1800,2010/02/08 2200,370,410,9,-22,
2010/02/11 0000,2010/02/11 0800,2010/02/12 0300,360,380,7,-7,450
2010/02/19 1500,2010/02/19 1500,2010/02/20 1800,440,500,6,-11,
2010/02/21 0000,2010/02/21 0000,2010/02/22 0000,370,380,7,-6,
2010/02/22 1300,2010/02/22 1300,2010/02/22 2200,360,370,7,-16,
2010/04/05 0826,2010/04/05 1200,2010/04/06 1400,640,790,9,-81,910
2010/04/09 1800,2010/04/09 1800,2010/04/10 1600,430,470,4,-31,
2010/04/11 1304,2010/04/12 0100,2010/04/12 1500,410,460,11,-67,520
2010/04/30 0600,2010/04/30 0600,2010/05/01 1200,380,400,4,-13,
2010/05/28 0258,2010/05/28 1900,2010/05/29 1700,360,390,14,-80,500
2010/06/20 2000,2010/06/21 0600,2010/06/22 1400,360,410,6,-11,380
2010/08/03 1741,2010/08/04 1000,2010/08/05 0000,530,590,9,-74,740
2010/10/30 1015,2010/10/31 0500,2010/11/01 2100,340,380,9,-11,400
2010/12/28 0300,2010/12/28 0300,2010/12/28 1500,350,360,10,-43,
2011/01/24 0700,2011/01/24 1000,2011/01/25 1200,350,400,7,-14,
2011/02/04 1300,2011/02/04 1300,2011/02/04 2000,430,470,15,-63,
2011/02/18 0130,2011/02/18 1900,2011/02/20 0800,470,600,10,-32,590
2011/03/06 0331,2011/03/06 0900,2011/03/08 0600,430,530,6,-27,600
2011/03/29 1602,2011/03/29 2300,2011/03/31 0400,360,390,12,-4,360
2011/05/28 0100,2011/05/28 0500,2011/05/28 2100,510,540,11,-80,450
2011/06/04 2045,2011/06/05 0200,2011/06/05 1900,510,560,12,-45,680
2011/06/17 0241,2011/06/17 0500,2011/06/17 1300,500,550,9,-5,610
2011/07/06 0258,2011/07/06 1700,2011/07/07 1200,360,410,5,-28,
2011/07/14 1200,2011/07/15 0400,2011/07/16 1500,410,530,4,-17,
2011/08/04 2153,2011/08/05 0500,2011/08/05 1400,430,440,5,-15,670
2011/08/05 1751,2011/08/06 2200,2011/08/07 2200,540,610,4,-115,1100
2011/09/08 1000,2011/09/08 1000,2011/09/09 1200,320,340,2,-7,
2011/09/09 1242,2011/09/10 0300,2011/09/10 1500,470,530,14,-75,680
2011/09/16 1900,2011/09/16 1900,2011/09/17 0500,390,420,4,-16,
2011/09/17 0343,2011/09/17 1400,2011/09/18 0600,430,590,11,-72,540
2011/09/18 1000,2011/09/18 1200,2011/09/18 2100,440,480,5,-30,
2011/09/22 0300,2011/09/22 1500,2011/09/23 0300,390,420,5,-29,
2011/09/26 1234,2011/09/26 2000,2011/09/28 1500,580,700,7,-118,870
2011/10/05 0736,2011/10/05 1000,2011/10/05 2200,450,460,12,-43,530
2011/10/06 1200,2011/10/06 1200,2011/10/06 2300,370,380,11,-22,
2011/10/07 0247,2011/10/07 0200,2011/10/07 1700,380,390,4,-33,
2011/10/22 2100,2011/10/22 2100,2011/10/23 1600,290,310,6,-7,
2011/10/24 1831,2011/10/24 2200,2011/10/25 1600,460,510,21,-147,630
2011/10/30 1001,2011/10/31 0100,2011/10/31 1500,410,420,6,-29,
2011/11/01 0907,2011/11/02 0100,2011/11/03 0400,380,430,6,-66,350
2011/11/07 1500,2011/11/07 1700,2011/11/07 2300,330,350,10,-5,
2011/11/12 0559,2011/11/13 1000,2011/11/15 0200,370,460,5,-13,650
2011/11/28 2150,2011/11/29 0000,2011/11/29 0800,450,510,15,-25,670
2011/12/02 1717,2011/12/02 1800,2011/12/03 0700,400,420,7,-14,
2011/12/25 0200,2011/12/25 0200,2011/12/25 1700,360,370,4,-7,
2011/12/29 2200,2011/12/29 2200,2011/12/30 0900,400,420,7,-16,
2012/01/21 0501,2012/01/21 0600,2012/01/22 0800,320,330,10,-10,650
2012/01/22 0611,2012/01/22 2300,2012/01/23 0700,450,460,9,-71,670
2012/02/14 0700,2012/02/14 2100,2012/02/16 0600,370,400,9,-67,
2012/02/16 0700,2012/02/16 1400,2012/02/18 0000,320,380,5,-22,
2012/02/26 2139,2012/02/27 1900,2012/02/28 1600,440,490,13,-57,620
2012/02/29 0500,2012/02/29 0500,2012/03/01 0000,440,450,7,-22,
2012/03/02 2100,2012/03/02 2100,2012/03/04 0200,390,420,6,-50,
2012/03/06 0800,2012/03/06 0800,2012/03/06 1500,370,380,11,-23,
2012/03/08 1103,2012/03/09 0300,2012/03/11 0700,550,890,7,-145,1220
2012/03/15 1306,2012/03/15 1700,2012/03/16 1000,680,760,9,-88,960
2012/04/23 0320,2012/04/23 1700,2012/04/24 0500,370,390,13,-120,
2012/04/25 1700,2012/04/26 0000,2012/04/27 1800,540,710,5,-57,
2012/05/16 1600,2012/05/16 1600,2012/05/17 2200,370,390,10,-39,370
2012/06/08 0700,2012/06/08 1000,2012/06/10 1400,480,600,5,-12,
2012/06/16 2019,2012/06/16 2300,2012/06/17 1200,440,510,28,-86,770
2012/07/04 1900,2012/07/05 0000,2012/07/06 0800,470,540,8,-19,730
2012/07/08 0800,2012/07/09 0000,2012/07/09 1400,410,450,12,-78,480
2012/07/14 1809,2012/07/15 0600,2012/07/17 0500,490,670,16,-139,850
2012/07/21 1612,2012/07/22 1100,2012/07/23 1600,460,520,5,-28,
2012/09/01 0600,2012/09/01 0700,2012/09/03 1500,310,330,8,-69,
2012/09/03 1213,2012/09/04 1100,2012/09/05 0200,430,440,9,-61,
2012/09/04 2245,2012/09/05 0600,2012/09/05 1800,500,540,10,-64,
2012/09/06 0200,2012/09/06 0200,2012/09/06 1500,420,420,10,-32,
2012/09/30 1131,2012/09/30 1400,2012/09/30 2000,310,310,8,-39,
2012/09/30 2305,2012/10/01 0000,2012/10/02 0000,370,410,14,-122,590
2012/10/02 2200,2012/10/02 2200,2012/10/03 0600,320,320,6,-32,
2012/10/08 0516,2012/10/08 1800,2012/10/09 1200,390,420,16,-107,560?
2012/10/12 1900,2012/10/12 2200,2012/10/13 1000,490,530,11,-90,
2012/10/31 1538,2012/11/01 0000,2012/11/02 0300,340,370,11,-65,440
2012/11/09 0300,2012/11/09 0300,2012/11/09 1500,370,380,2,1,
2012/11/12 2311,2012/11/13 0800,2012/11/14 0300,380,460,21,-108,530
2012/11/23 2152,2012/11/24 1200,2012/11/25 1000,380,410,12,-40,510
2012/11/26 0512,2012/11/26 1200,2012/11/28 0500,450,530,6,-8,660
2012/11/28 1800,2012/11/28 1800,2012/11/29 1400,360,380,4,-1,
2012/12/14 0200,2012/12/14 0700,2012/12/14 1700,330,330,7,9,
2013/01/17 1600,2013/01/17 1600,2013/01/18 1200,390,400,12,-52,420
2013/01/18 1237,2013/01/19 0000,2013/01/19 1700,430,460,5,-25,
2013/02/13 1700,2013/02/14 0800,2013/02/16 1400,360,400,4,-37,
2013/02/16 1209,2013/02/17 1000,2013/02/17 1900,360,410,7,-40,
2013/03/17 0559,2013/03/17 1500,2013/03/19 1600,520,720,9,-132,890
2013/03/20 1700,2013/03/20 1800,2013/03/20 2200,520,640,9,-39,
2013/04/13 2254,2013/04/14 1700,2013/04/15 2300,410,520,9,-6,660
2013/04/30 0949,2013/04/30 1200,2013/05/01 0700,400,430,10,-47,
2013/05/01 0900,2013/05/01 1100,2013/05/01 1800,430,460,10,-72,
2013/05/25 2000,2013/05/25 2300,2013/05/26 2200,660,750,7,-47,
2013/06/06 0255,2013/06/06 1400,2013/06/08 0000,430,510,11,-78,
2013/06/08 0600,2013/06/08 1000,2013/06/08 2000,430,450,3,-20,
2013/06/27 1438,2013/06/28 0200,2013/06/29 1200,390,450,10,-102,470
2013/07/05 0100,2013/07/05 0100,2013/07/07 1600,350,370,10,-87,
2013/07/12 1714,2013/07/13 0500,2013/07/15 0000,430,500,13,-81,563
2013/08/20 2227,2013/08/21 0800,2013/08/21 1400,460,470,7,-26,
2013/08/22 1926,2013/08/23 2000,2013/08/25 0300,470,570,6,-40,
2013/08/24 0003,2013/08/25 0300,2013/08/26 0300,400,520,4,-29,
2013/10/02 0154,2013/10/02 2300,2013/10/03 2200,470,630,7,-72,800
2013/10/08 2020,2013/10/09 0900,2013/10/11 0000,480,650,6,-69,780
2013/11/08 2200,2013/11/08 2200,2013/11/09 0700,420,460,12,-80,
2013/11/11 1700,2013/11/11 1700,2013/11/12 0300,460,480,7,-30,
2013/11/30 2000,2013/12/01 1100,2013/12/02 2300,450,540,9,-22,
2013/12/15 1300,2013/12/15 1600,2013/12/16 0500,460,500,7,-23,510
2013/12/24 2100,2013/12/25 0500,2013/12/25 1700,300,330,11,-35,
2014/02/05 1400,2014/02/06 0300,2014/02/07 1700,370,400,7,-31,
2014/02/07 1705,2014/02/08 0100,2014/02/09 1200,420,460,9,-39,470
2014/02/10 1800,2014/02/11 1200,2014/02/13 1000,430,560,6,-24,
2014/02/15 1316,2014/02/16 0500,2014/02/16 1600,380,450,15,-24,530
2014/02/17 0300,2014/02/17 0300,2014/02/17 1600,400,410,6,-27,
2014/02/18 0640,2014/02/18 1500,2014/02/19 0700,400,410,8,-67,
2014/02/19 0348,2014/02/19 1200,2014/02/20 0300,520,530,11,-119,
2014/02/20 0318,2014/02/21 0200,2014/02/22 1200,490,690,6,-95,
2014/04/05 1000,2014/04/05 2200,2014/04/07 0500,380,500,13,-15,610
2014/04/11 0600,2014/04/11 0600,2014/04/12 2000,350,380,5,-86,
2014/04/18 1900,2014/04/18 1900,2014/04/20 0000,490,500,8,-19,
2014/04/19 1836,2014/04/20 0100,2014/04/20 1200,510,530,5,-14,
2014/04/20 1056,2014/04/21 0700,2014/04/22 0900,540,700,6,-32,920
2014/04/29 2000,2014/04/29 2000,2014/04/30 2100,310,320,9,-67,
2014/06/07 1652,2014/06/08 2000,2014/06/10 1700,480,610,9,-37,570
2014/08/19 0657,2014/08/19 1600,2014/08/21 0500,360,440,17,-28,500
2014/09/12 1553,2014/09/12 2200,2014/09/14 0200,600,720,20,-88,920
2014/09/17 0200,2014/09/17 0200,2014/09/18 2000,310,320,9,-18,410
2014/11/10 0220,2014/11/11 0700,2014/11/11 2000,480,520,9,-65,
2014/12/21 1911,2014/12/22 0400,2014/12/22 1700,380,430,16,-71,380
2015/01/02 0717,2015/01/02 1500,2015/01/02 2200,390,450,8,-42,
2015/01/03 1400,2015/01/03 1400,2015/01/04 1600,430,460,9,-62,
2015/01/07 0616,2015/01/07 0700,2015/01/07 2000,450,470,16,-99,420
2015/03/16 1400,2015/03/16 1400,2015/03/16 2300,420,440,11,+16,
2015/03/17 0445,2015/03/17 1300,2015/03/18 0500,560,620,20,-223,840
2015/03/21 2054,2015/03/22 0200,2015/03/22 2000,640,700,8,-43,
2015/03/28 0000,2015/03/28 1100,2015/03/29 1100,390,420,13,-29,
2015/03/29 1500,2015/03/29 1900,2015/03/30 1200,360,390,6,-28,
2015/03/31 0832,2015/03/31 1800,2015/04/01 1000,400,420,13,-2,
2015/04/09 1011,2015/04/09 1100,2015/04/09 2200,380,390,12,1,
2015/04/10 0000,2015/04/10 1300,2015/04/11 0900,380,450,13,-75,
2015/05/06 0141,2015/05/06 1200,2015/05/07 2100,420,470,13,-28,
2015/05/07 2100,2015/05/07 2100,2015/05/09 0400,390,400,6,-8,
2015/05/10 1200,2015/05/10 1200,2015/05/11 0200,370,400,11,-51,
2015/05/18 1900,2015/05/18 2000,2015/05/19 0200,460,480,16,-44,
2015/06/22 1833,2015/06/23 0200,2015/06/24 1400,610,740,14,-204,1040
2015/06/24 1329,2015/06/25 1000,2015/06/26 0600,550,720,5,-86,960
2015/06/26 0600,2015/06/26 1200,2015/06/27 0200,490,560,5,-57,
2015/07/13 0138,2015/07/13 0600,2015/07/14 1500,490,650,8,-61,580
2015/08/07 0600,2015/08/07 1600,2015/08/08 1400,510,560,9,-25,
2015/08/15 0829,2015/08/15 2100,2015/08/16 0800,500,510,12,-84,640
2015/08/26 0800,2015/08/26 0800,2015/08/28 1000,370,420,11,-92,
2015/09/07 1400,2015/09/08 0000,2015/09/09 1500,460,600,15,-94,620
2015/09/13 0700,2015/09/13 0700,2015/09/13 1800,460,480,5,-38,
2015/09/20 0604,2015/09/21 0800,2015/09/22 0100,510,600,5,-75,850
2015/10/24 1854,2015/10/25 1400,2015/10/27 0400,430,490,7,-7,
2015/11/04 0355,2015/11/04 1500,2015/11/04 1900,640,740,8,-60,
2015/11/06 1818,2015/11/07 0600,2015/11/08 1600,500,680,13,-89,810
2015/12/19 1616,2015/12/20 0300,2015/12/21 2000,400,490,15,-155,540
2015/12/31 0050,2015/12/31 1700,2016/01/02 1100,440,480,10,-117,690
2016/01/18 2157,2016/01/19 1000,2016/01/21 0000,370,400,14,-93,440
2016/01/24 1400,2016/01/24 1800,2016/01/26 1800,410,490,5,-10,
2016/03/05 1000,2016/03/05 1900,2016/03/06 1500,360,370,12,-4,
2016/03/20 0700,2016/03/20 1400,2016/03/21 0400,400,430,7,-42,
2016/04/14 0735,2016/04/14 0900,2016/04/15 0400,420,480,8,-59,460
2016/04/17 0300,2016/04/17 0300,2016/04/18 0800,400,440,5,-25,
2016/07/19 2305,2016/07/20 0700,2016/07/22 1500,440,570,10,-23,710
2016/07/24 1500,2016/07/24 2100,2016/07/25 1600,430,450,7,-34,
2016/07/25 2200,2016/07/25 2200,2016/07/26 1000,370,390,4,-10,
2016/08/02 1400,2016/08/02 1400,2016/08/03 0300,420,460,20,-14,370
2016/10/12 2201,2016/10/13 0600,2016/10/14 1600,390,460,19,-104,430
2016/11/04 1800,2016/11/04 1800,2016/11/05 2100,350,360,4,-17,
2016/11/09 0604,2016/11/10 0000,2016/11/10 1600,360,370,11,-59,430
2017/04/04 0100,2017/04/04 0400,2017/04/04 1400,410,420,13,-44,
2017/04/09 0000,2017/04/09 0000,2017/04/10 0800,470,520,7,-24,
2017/04/13 1500,2017/04/14 0000,2017/04/15 0000,380,450,6,-25,
2017/05/27 1534,2017/05/27 2200,2017/05/29 1400,360,390,16,-122,400
2017/07/16 0559,2017/07/16 1500,2017/07/17 2000,520,620,13,-72,810
2017/08/21 2200,2017/08/22 0400,2017/08/23 1800,500,620,5,-48,
2017/09/06 2313,2017/09/07 2000,2017/09/08 0400,490,580,10,-17,820
2017/09/07 2238,2017/09/08 1100,2017/09/10 2100,590,800,7,-124,1210
2017/12/25 0000,2017/12/25 0000,2017/12/26 0400,480,550,7,-24,
2018/03/09 1800,2018/03/09 2200,2018/03/11 0000,410,450,14,-39,470
2018/05/13 0600,2018/05/13 0600,2018/05/13 1400,430,440,10,-21,
2018/06/06 1100,2018/06/06 1100,2018/06/07 1000,400,440,9,-25,
2018/06/25 0800,2018/06/25 0800,2018/06/26 0500,420,430,7,-48,
2018/06/30 1300,2018/06/30 2000,2018/07/02 1000,390,460,3,-10,
2018/07/10 1200,2018/07/10 1200,2018/07/11 1100,330,360,9,0,
2018/08/25 0200,2018/08/25 1200,2018/08/26 1200,410,440,16,-174,
2018/09/23 0400,2018/09/23 0400,2018/09/24 0000,440,460,8,-28,
2019/05/07 2200,2019/05/07 2200,2019/05/09 0400,320,330,3,-2,
2019/05/10 1754,2019/05/11 0600,2019/05/13 0700,350,380,8,-51,490
2019/05/13 2200,2019/05/14 0600,2019/05/15 1600,470,560,8,-65,
2019/05/16 2100,2019/05/16 2300,2019/05/18 0800,450,480,6,-10,420
2019/05/26 2214,2019/05/27 0400,2019/05/28 0000,350,370,10,-16,
